Image Name,alisafi
jpg_0.jpg,Yes
jpg_1.jpg,Yes
jpg_10.jpg,Yes
jpg_11.jpg,Yes
jpg_12.jpg,Yes
jpg_14.jpg,Yes
jpg_15.jpg,Yes
jpg_16.jpg,Yes
jpg_18.jpg,Yes
jpg_19.jpg,Yes
jpg_20.jpg,Yes
jpg_22.jpg,Yes
jpg_23.jpg,Yes
jpg_24.jpg,Yes
jpg_25.jpg,Yes
jpg_26.jpg,Yes
jpg_27.jpg,Yes
jpg_28.jpg,Yes
jpg_29.jpg,Yes
jpg_3.jpg,Yes
jpg_30.jpg,Yes
jpg_31.jpg,Yes
jpg_32.jpg,Yes
jpg_34.jpg,Yes
jpg_38.jpg,Yes
jpg_39.jpg,Yes
jpg_4.jpg,Yes
jpg_40.jpg,Yes
jpg_41.jpg,Yes
jpg_42.jpg,Yes
jpg_43.jpg,Yes
jpg_44.jpg,Yes
jpg_45.jpg,Yes
jpg_46.jpg,Yes
jpg_47.jpg,Yes
jpg_48.jpg,Yes
jpg_5.jpg,Yes
jpg_50.jpg,Yes
jpg_51.jpg,Yes
jpg_52.jpg,Yes
jpg_53.jpg,Yes
jpg_54.jpg,Yes
jpg_55.jpg,Yes
jpg_56.jpg,Yes
jpg_58.jpg,Yes
jpg_59.jpg,Yes
jpg_6.jpg,Yes
jpg_7.jpg,Yes
jpg_8.jpg,Yes
jpg_9.jpg,Yes
